{"cameraMode":{"drawMode":0,"name":"Shaded","section":"Shading Mode"},"sceneLighting":true,"audioPlay":false,"sceneViewState":{"m_AlwaysRefresh":false,"showFog":true,"showSkybox":true,"showFlares":true,"showImageEffects":true,"showParticleSystems":true,"showVisualEffectGraphs":true,"m_FxEnabled":true},"in2DMode":false,"pivot":{"x":10.872506141662598,"y":-5.262332439422607,"z":1.1565619707107545},"rotation":{"x":-0.24586769938468934,"y":-0.39738044142723086,"z":0.11139616370201111,"w":-0.8770853877067566},"size":12.68370246887207,"orthographic":false}