{"cameraMode":{"drawMode":0,"name":"Shaded","section":"Shading Mode"},"sceneLighting":true,"audioPlay":false,"sceneViewState":{"m_AlwaysRefresh":false,"showFog":true,"showSkybox":true,"showFlares":true,"showImageEffects":true,"showParticleSystems":true,"showVisualEffectGraphs":true,"m_FxEnabled":true},"in2DMode":false,"pivot":{"x":10.926248550415039,"y":-4.2258710861206059,"z":1.5964751243591309},"rotation":{"x":-0.23336683213710786,"y":-0.3298136591911316,"z":0.08449973911046982,"w":-0.9108636379241943},"size":12.68370246887207,"orthographic":false}